﻿<?xml version="1.0"?>
<PlayerList xmlns:xsi="http://www.w3.org/2001/XMLSchema-instance" xmlns:xsd="http://www.w3.org/2001/XMLSchema">
  <Player>
    <Name>VLC</Name>
    <Type>VLC</Type>
    <Enabled>true</Enabled>
  </Player>
  <Player>
    <Name>Windows Media Player</Name>
    <Type>WindowsMP</Type>
    <Enabled>true</Enabled>
  </Player>
  <Player>
    <Name>Spotify</Name>
    <Type>Spotify</Type>
    <Enabled>true</Enabled>
  </Player>
  <Player>
    <Name>*Youtube</Name>
    <Type>Youtube</Type>
    <Enabled>true</Enabled>
  </Player>
  <Player>
    <Name>*Soundcloud</Name>
    <Type>Soundcloud</Type>
    <Enabled>true</Enabled>
  </Player>
  <Player>
    <Name>*Pandora</Name>
    <Type>Pandora</Type>
    <Enabled>true</Enabled>
  </Player>
</PlayerList>